accuracy,loss
0.7888053059577942,0.479229599237442
0.8643519878387451,0.3157346248626709
0.8835598230361938,0.2756580412387848
0.8973796963691711,0.24952612817287445
